단지코드,총세대수,임대건물구분,지역,빈집,노선수,버스,area10,area20,area30,area40,area50,area60,area70,area80,area100,주차면수,등록차량수
C2515,545,아파트,경상남도,17.0,0.0,3.0,0,0,356,57,132,0,0,0,0,624.0,205.0
C1407,1216,아파트,대전광역시,13.0,1.0,1.0,0,0,390,702,124,0,0,0,0,1285.0,1064.0
C1945,755,아파트,경기도,6.0,1.0,3.0,0,0,240,0,515,0,0,0,0,734.0,730.0
C1470,696,아파트,전라북도,14.0,0.0,2.0,0,0,254,196,246,0,0,0,0,645.0,553.0
C1898,566,아파트,전라북도,9.0,0.0,6.0,0,0,271,209,86,0,0,0,0,517.0,415.0
C1244,1722,아파트,경기도,10.0,0.0,10.0,0,0,788,544,390,0,0,0,0,1483.0,1804.0
C1171,624,아파트,대전광역시,13.0,0.0,5.0,0,0,354,230,40,0,0,0,0,634.0,700.0
C2073,361,아파트,강원도,13.0,0.0,5.0,0,0,168,153,40,0,0,0,0,288.0,301.0
C2513,754,아파트,광주광역시,15.0,0.0,6.0,0,0,0,0,754,0,0,0,0,530.0,820.0
C1936,240,아파트,광주광역시,8.0,0.0,10.0,0,0,0,0,240,0,0,0,0,168.0,234.0
C2049,688,아파트,강원도,0.0,0.0,5.0,0,0,0,0,688,0,0,0,0,631.0,841.0
C2202,623,아파트,강원도,0.0,0.0,2.0,0,0,89,534,0,0,0,0,0,222.0,226.0
C1925,601,아파트,강원도,9.0,0.0,4.0,0,298,301,0,0,0,1,0,0,117.0,75.0
C2576,405,아파트,경상남도,19.0,0.0,4.0,0,0,0,313,92,0,0,0,0,296.0,73.0
C1312,518,아파트,충청남도,12.0,0.0,3.0,0,0,149,368,0,0,0,0,0,527.0,359.0
C1874,619,아파트,충청남도,2.0,0.0,2.0,3,459,151,3,3,0,0,0,0,97.0,62.0
C2650,875,아파트,부산광역시,13.0,0.0,4.0,0,0,557,318,0,0,0,0,0,616.0,159.0
C2416,560,아파트,경상남도,0.0,0.0,5.0,1,361,194,2,1,0,0,0,1,154.0,63.0
C2013,595,아파트,경상남도,3.0,0.0,3.0,0,0,327,267,0,0,0,0,0,509.0,91.0
C1424,625,아파트,대전광역시,2.0,0.0,7.0,0,0,268,356,0,0,0,0,0,517.0,179.0
C2100,880,아파트,대전광역시,4.0,0.0,5.0,0,0,0,0,880,0,0,0,0,736.0,671.0
C2621,1396,아파트,대전광역시,26.0,1.0,4.0,0,1071,306,0,17,1,0,0,1,277.0,133.0
C2520,970,아파트,대전광역시,2.0,0.0,2.0,0,0,960,0,0,0,0,0,0,420.0,386.0
C2319,606,아파트,대전광역시,1.0,1.0,12.0,0,0,0,0,605,0,0,0,0,548.0,266.0
C1616,1507,아파트,대전광역시,1.0,0.0,2.0,0,588,463,450,3,0,1,0,2,407.0,98.0
C1704,639,아파트,대전광역시,34.0,0.0,7.0,0,0,638,0,0,0,0,0,1,162.0,131.0
C2258,965,아파트,대전광역시,13.0,0.0,3.0,3,596,184,180,1,0,0,0,1,287.0,78.0
C1032,946,아파트,대전광역시,6.0,1.0,2.0,0,0,68,69,809,0,0,0,0,986.0,316.0
C2038,785,아파트,대전광역시,7.0,1.0,10.0,3,596,94,90,1,0,0,0,1,150.0,108.0
C1859,2424,아파트,대전광역시,1.0,1.0,4.0,0,1885,505,0,31,0,1,0,2,487.0,116.0
C1722,809,아파트,강원도,1.0,0.0,6.0,0,149,243,416,0,0,1,0,0,264.0,649.0
C1850,388,아파트,경상남도,0.0,0.0,4.0,0,0,89,296,0,0,0,0,0,226.0,254.0
C2190,1013,아파트,경상남도,7.0,0.0,2.0,3,857,151,2,0,0,0,0,0,178.0,129.0
C1476,453,아파트,경상남도,6.0,0.0,5.0,0,298,154,0,0,0,1,0,0,107.0,70.0
C1077,861,아파트,경상남도,21.0,0.0,5.0,0,0,258,277,326,0,0,0,0,612.0,236.0
C1068,806,아파트,충청남도,11.0,0.0,2.0,0,0,330,384,91,0,0,0,0,804.0,510.0
C1983,903,아파트,충청남도,3.0,0.0,4.0,0,478,423,0,0,1,0,0,1,200.0,253.0
C2135,1116,아파트,부산광역시,10.0,1.0,3.0,3,661,450,0,1,0,0,0,1,262.0,127.0
C2034,1486,아파트,부산광역시,2.0,1.0,3.0,3,724,756,0,1,0,1,0,1,405.0,132.0
C1109,1957,아파트,부산광역시,1.0,1.0,2.0,0,1503,452,0,1,0,0,0,1,351.0,313.0
C1497,802,아파트,부산광역시,7.0,1.0,14.0,0,0,802,0,0,0,0,0,0,375.0,382.0
C2289,1527,아파트,부산광역시,2.0,0.0,3.0,0,970,550,0,5,0,1,0,1,240.0,364.0
C2597,1005,아파트,부산광역시,25.0,0.0,2.0,3,757,239,2,3,0,0,0,1,166.0,94.0
C2310,1988,아파트,부산광역시,1.0,0.0,2.0,0,1670,311,0,5,0,1,0,1,217.0,189.0
C1672,1350,아파트,부산광역시,15.0,0.0,1.0,0,0,0,0,1350,0,0,0,0,1043.0,873.0
C2132,2428,아파트,부산광역시,1.0,0.0,1.0,5,1560,854,1,5,0,1,0,2,756.0,359.0
C1439,1755,아파트,부산광역시,29.0,1.0,3.0,10,1489,131,122,0,1,0,0,2,270.0,172.0
C1613,840,아파트,부산광역시,7.0,1.0,1.0,0,0,0,0,840,0,0,0,0,594.0,498.0
C2216,390,아파트,충청남도,2.0,0.0,1.0,0,0,390,0,0,0,0,0,0,97.0,149.0
C1899,451,아파트,경상남도,0.0,0.0,4.0,0,298,153,0,0,0,0,0,0,109.0,31.0
C1056,410,아파트,제주특별자치도,0.0,0.0,10.0,0,200,210,0,0,0,0,0,0,120.0,125.0
C2644,779,아파트,충청남도,7.0,0.0,12.0,0,388,387,3,0,0,0,0,0,190.0,177.0
C1206,755,아파트,강원도,1.0,0.0,4.0,0,239,247,0,0,1,0,0,1,88.0,90.0
C2481,693,아파트,울산광역시,2.0,0.0,2.0,0,0,435,258,0,0,0,0,0,486.0,302.0
C1718,753,아파트,울산광역시,23.0,0.0,2.0,0,0,0,566,187,0,0,0,0,682.0,496.0
C1655,498,아파트,강원도,23.0,0.0,6.0,0,0,88,268,142,0,0,0,0,402.0,236.0
C1430,1533,아파트,부산광역시,32.0,0.0,3.0,0,0,0,0,1533,0,0,0,0,1296.0,839.0
C1775,711,아파트,제주특별자치도,5.0,0.0,8.0,0,360,350,0,0,0,0,0,1,131.0,96.0
C1519,420,아파트,제주특별자치도,0.0,0.0,0.0,0,0,252,168,0,0,0,0,0,393.0,235.0
C2221,590,아파트,제주특별자치도,1.0,0.0,3.0,0,0,0,590,0,0,0,0,0,376.0,359.0
C1790,657,아파트,경상남도,2.0,0.0,4.0,4,261,388,1,1,0,0,1,1,166.0,120.0
C2109,495,아파트,경상남도,2.0,0.0,4.0,0,288,206,0,0,0,0,0,1,117.0,60.0
C1698,460,아파트,경상남도,1.0,0.0,3.0,0,0,460,0,0,0,0,0,0,155.0,65.0
C1866,338,아파트,경상남도,1.0,0.0,3.0,0,0,231,107,0,0,0,0,0,235.0,135.0
C1005,1144,아파트,충청남도,16.0,0.0,8.0,0,0,0,0,1144,0,0,0,0,950.0,376.0
C1004,521,아파트,충청남도,3.0,0.0,2.0,3,8,508,0,1,0,0,0,1,153.0,93.0
C1875,1003,아파트,충청남도,5.0,0.0,8.0,3,846,152,0,1,0,0,0,1,192.0,209.0
C2156,306,아파트,충청남도,0.0,0.0,1.0,0,0,240,0,65,0,0,0,0,246.0,204.0
C2212,697,아파트,강원도,0.0,0.0,4.0,0,298,394,0,0,4,0,0,1,128.0,86.0
C2401,213,아파트,강원도,21.0,0.0,3.0,0,0,65,104,44,0,0,0,0,164.0,19.0
C2571,481,아파트,경상남도,5.0,0.0,1.0,0,468,12,0,0,0,0,0,1,65.0,62.0
C1175,468,아파트,충청남도,15.0,0.0,2.0,0,0,0,198,270,0,0,0,0,477.0,430.0
C1833,1364,아파트,제주특별자치도,19.0,0.0,5.0,0,0,802,342,220,0,0,0,0,1505.0,1001.0
C2445,800,아파트,충청북도,16.0,0.0,4.0,0,0,522,135,143,0,0,0,0,671.0,334.0
C1885,830,아파트,전라남도,14.0,0.0,4.0,0,0,498,332,0,0,0,0,0,802.0,616.0
C2368,775,아파트,전라남도,10.0,0.0,4.0,0,0,465,0,310,0,0,0,0,738.0,548.0
C2016,261,아파트,충청북도,15.0,0.0,2.0,0,0,128,133,0,0,0,0,0,198.0,220.0
C2371,474,아파트,경상북도,20.0,0.0,1.0,0,0,264,164,46,0,0,0,0,374.0,451.0
C2536,72,아파트,전라북도,7.0,0.0,1.0,0,0,48,24,0,0,0,0,0,54.0,47.0
C2538,1473,아파트,경기도,13.0,0.0,3.0,0,188,706,296,283,0,0,0,0,1299.0,799.0
C1014,996,아파트,전라북도,5.0,0.0,2.0,0,0,516,280,200,0,0,0,0,823.0,708.0
C1592,870,아파트,강원도,13.0,0.0,5.0,0,0,528,206,136,0,0,0,0,763.0,739.0
C1867,678,아파트,경상남도,26.0,0.0,2.0,0,0,454,84,140,0,0,0,0,579.0,374.0
C2326,632,아파트,충청북도,15.0,0.0,4.0,0,0,458,174,0,0,0,0,0,478.0,557.0
C1015,961,아파트,부산광역시,28.0,0.0,3.0,0,0,475,380,106,0,0,0,0,928.0,579.0
C1620,1232,아파트,광주광역시,22.0,0.0,4.0,0,0,709,523,0,0,0,0,0,1181.0,1101.0
C1049,676,아파트,광주광역시,18.0,0.0,3.0,0,0,389,0,287,0,0,0,0,658.0,762.0
C2000,1300,아파트,경상남도,21.0,0.0,2.0,0,0,450,700,150,0,0,0,0,1082.0,795.0
C2097,998,아파트,경상북도,29.0,0.0,2.0,0,0,551,359,88,0,0,0,0,1240.0,995.0
C1668,493,아파트,전라남도,7.0,0.0,4.0,0,0,221,152,120,0,0,0,0,421.0,288.0
C1689,1117,아파트,경기도,4.0,1.0,3.0,0,186,444,339,148,0,0,0,0,985.0,960.0
C1234,307,아파트,강원도,1.0,0.0,2.0,0,0,0,0,307,0,0,0,0,219.0,311.0
C2514,501,아파트,경상남도,10.0,0.0,1.0,0,0,0,224,277,0,0,0,0,405.0,648.0
C1368,896,아파트,경상북도,29.0,0.0,10.0,0,0,176,180,540,0,0,0,0,900.0,861.0
C1057,521,아파트,경상북도,24.0,0.0,4.0,0,0,134,135,252,0,0,0,0,521.0,521.0
C2336,458,아파트,경상북도,13.0,0.0,2.0,0,0,172,230,56,0,0,0,0,399.0,562.0
C1026,290,아파트,경상북도,10.0,0.0,2.0,0,0,0,0,290,0,0,0,0,205.0,422.0
C2256,409,아파트,경상남도,7.0,0.0,1.0,0,88,131,132,58,0,0,0,0,316.0,344.0
C1900,586,아파트,전라북도,2.0,0.0,2.0,0,0,236,206,144,0,0,0,0,472.0,596.0
C2666,1084,아파트,부산광역시,23.0,0.0,1.0,0,0,458,626,0,0,0,0,0,837.0,701.0
C2361,1174,아파트,경기도,9.0,0.0,4.0,0,0,422,382,370,0,0,0,0,1026.0,1117.0
C1642,270,아파트,전라남도,14.0,0.0,6.0,0,0,120,150,0,0,0,0,0,222.0,297.0
C1013,1308,아파트,광주광역시,16.0,0.0,6.0,0,0,291,757,260,0,0,0,0,1119.0,1665.0
C2232,355,아파트,광주광역시,13.0,0.0,3.0,0,0,114,96,145,0,0,0,0,354.0,248.0
C1973,384,아파트,광주광역시,15.0,0.0,3.0,0,0,84,0,300,0,0,0,0,384.0,457.0
C2458,853,아파트,광주광역시,28.0,0.0,3.0,0,0,0,551,302,0,0,0,0,853.0,910.0
C2574,996,아파트,광주광역시,14.0,0.0,6.0,0,0,444,390,162,0,0,0,0,895.0,826.0
C2133,355,아파트,광주광역시,10.0,0.0,3.0,0,0,128,143,84,0,0,0,0,330.0,328.0
C2096,492,아파트,광주광역시,11.0,0.0,2.0,0,0,248,244,0,0,0,0,0,347.0,525.0
C2010,861,아파트,광주광역시,15.0,0.0,3.0,0,0,498,363,0,0,0,0,0,608.0,690.0
C1879,711,아파트,광주광역시,12.0,0.0,2.0,0,0,0,355,356,0,0,0,0,573.0,713.0
C1131,901,아파트,광주광역시,10.0,0.0,7.0,0,0,0,0,901,0,0,0,0,668.0,1019.0
C1468,815,아파트,광주광역시,17.0,0.0,1.0,0,0,503,312,0,0,0,0,0,574.0,810.0
C1213,312,아파트,전라북도,8.0,0.0,6.0,0,0,177,135,0,0,0,0,0,224.0,148.0
C1173,571,아파트,충청남도,7.0,0.0,2.0,0,0,98,401,72,0,0,0,0,483.0,609.0
C2492,594,아파트,경상북도,23.0,0.0,5.0,0,0,120,0,474,0,0,0,0,480.0,585.0
C2032,944,아파트,경상남도,23.0,0.0,1.0,0,0,0,0,944,0,0,0,0,958.0,1162.0
C2094,410,아파트,경상남도,16.0,0.0,20.0,0,0,223,187,0,0,0,0,0,402.0,318.0
C1880,635,아파트,경상남도,15.0,0.0,20.0,0,0,0,0,635,0,0,0,0,508.0,761.0
C2089,962,아파트,경상남도,27.0,0.0,1.0,0,0,473,129,360,0,0,0,0,873.0,572.0
C1744,822,아파트,경기도,13.0,0.0,2.0,0,0,0,0,822,0,0,0,0,827.0,979.0
C2046,1129,아파트,경기도,10.0,0.0,4.0,0,0,0,446,683,0,0,0,0,1137.0,1306.0
C2071,1479,아파트,경기도,21.0,0.0,3.0,0,0,266,793,420,0,0,0,0,1488.0,1398.0
C2635,330,아파트,경기도,1.0,0.0,3.0,0,0,0,0,330,0,0,0,0,259.0,442.0
C2390,386,아파트,경기도,4.0,0.0,4.0,0,0,0,0,386,0,0,0,0,299.0,422.0
C2561,456,아파트,경기도,7.0,1.0,4.0,0,0,120,120,216,0,0,0,0,399.0,441.0
C1663,642,아파트,대전광역시,3.0,1.0,5.0,0,0,0,0,642,0,0,0,0,567.0,700.0
C2490,302,아파트,대구광역시,4.0,0.0,2.0,0,0,0,0,302,0,0,0,0,217.0,340.0
C2066,757,아파트,대구광역시,22.0,0.0,2.0,0,0,505,252,0,0,0,0,0,660.0,503.0
C1585,705,아파트,대구광역시,12.0,1.0,3.0,0,0,294,411,0,0,0,0,0,502.0,718.0
C2276,1072,아파트,대전광역시,18.0,0.0,4.0,0,0,0,0,1072,0,0,0,0,894.0,1159.0
C1155,375,아파트,대전광역시,9.0,1.0,10.0,0,0,0,0,375,0,0,0,0,454.0,373.0
C1693,853,아파트,대전광역시,20.0,0.0,6.0,0,0,0,125,728,0,0,0,0,862.0,1087.0
C1889,1018,아파트,경기도,14.0,0.0,2.0,0,0,177,180,661,0,0,0,0,788.0,808.0
C2518,341,아파트,강원도,11.0,0.0,2.0,0,0,0,0,341,0,0,0,0,240.0,305.0
C1962,416,아파트,강원도,9.0,0.0,3.0,0,0,0,0,416,0,0,0,0,296.0,401.0
C1666,708,아파트,전라남도,20.0,0.0,4.0,0,0,279,279,150,0,0,0,0,638.0,465.0
C1537,662,아파트,충청남도,17.0,0.0,3.0,0,0,0,0,662,0,0,0,0,546.0,669.0
C1329,1002,아파트,부산광역시,30.0,0.0,2.0,0,0,386,508,108,0,0,0,0,775.0,554.0
C1762,462,아파트,전라북도,4.0,0.0,2.0,0,0,0,0,462,0,0,0,0,325.0,460.0
C2008,781,아파트,경기도,7.0,2.0,5.0,0,0,266,248,267,0,0,0,0,663.0,548.0
C1319,496,아파트,경상남도,16.0,0.0,1.0,0,82,204,82,128,0,0,0,0,428.0,398.0
C1141,630,아파트,경상남도,28.0,0.0,2.0,0,0,189,159,282,0,0,0,0,637.0,620.0
C2340,512,아파트,서울특별시,15.0,0.0,3.0,0,0,512,0,0,0,0,0,0,362.0,382.0
C1929,492,아파트,충청남도,19.0,0.0,4.0,0,0,180,148,164,0,0,0,0,426.0,413.0
C1681,534,아파트,경기도,9.0,0.0,7.0,0,0,225,220,89,0,0,0,0,465.0,520.0
C1184,458,아파트,경기도,4.0,0.0,3.0,0,0,202,208,48,0,0,0,0,403.0,488.0
C2383,762,아파트,경기도,14.0,0.0,3.0,0,0,278,290,194,0,0,0,0,661.0,832.0
C1579,1005,아파트,경기도,12.0,0.0,2.0,0,0,349,344,312,0,0,0,0,882.0,1158.0
C2173,775,아파트,경기도,4.0,1.0,2.0,0,0,246,336,193,0,0,0,0,665.0,745.0
C1911,890,아파트,부산광역시,21.0,1.0,2.0,0,0,0,0,890,0,0,0,0,985.0,831.0
C1638,494,아파트,전라북도,10.0,0.0,6.0,0,0,0,71,423,0,0,0,0,358.0,413.0
C2412,571,아파트,전라남도,10.0,0.0,2.0,0,0,324,175,72,0,0,0,0,492.0,487.0
C1871,550,아파트,전라남도,15.0,0.0,4.0,0,0,217,333,0,0,0,0,0,385.0,408.0
C1309,383,아파트,전라남도,15.0,0.0,4.0,0,0,87,206,90,0,0,0,0,385.0,446.0
C1527,996,아파트,경상북도,23.0,0.0,4.0,0,0,0,344,652,0,0,0,0,834.0,1150.0
C2208,882,아파트,경기도,16.0,0.0,2.0,0,0,307,437,138,0,0,0,0,755.0,840.0
C1940,615,아파트,경기도,16.0,0.0,2.0,0,0,114,373,128,0,0,0,0,527.0,709.0
C2596,470,아파트,경기도,15.0,1.0,7.0,0,0,112,287,71,0,0,0,0,405.0,480.0
C2227,477,아파트,경기도,9.0,0.0,8.0,0,0,187,176,114,0,0,0,0,413.0,505.0
C2563,496,아파트,경기도,9.0,0.0,2.0,0,0,290,206,0,0,0,0,0,425.0,449.0
C2358,1260,아파트,경상남도,24.0,0.0,8.0,0,0,554,706,0,0,0,0,0,941.0,1010.0
C1492,390,아파트,경기도,15.0,0.0,2.0,0,0,275,115,0,0,0,0,0,334.0,296.0
C1601,330,아파트,경기도,13.0,0.0,4.0,0,0,0,123,207,0,0,0,0,335.0,308.0
C1687,773,아파트,경기도,26.0,0.0,3.0,0,0,348,425,0,0,0,0,0,779.0,349.0
C1236,1124,아파트,경기도,29.0,0.0,2.0,0,0,254,870,0,0,0,0,0,1129.0,657.0
C1487,550,아파트,경기도,15.0,0.0,8.0,0,0,0,0,550,0,0,0,0,448.0,505.0
C1379,324,아파트,경기도,10.0,0.0,2.0,0,0,204,120,0,0,0,0,0,270.0,294.0
C1386,1497,아파트,전라남도,15.0,0.0,5.0,0,0,841,656,0,0,0,0,0,1100.0,1145.0
C1656,531,아파트,전라남도,7.0,0.0,2.0,0,0,104,251,176,0,0,0,0,480.0,257.0
C2526,355,아파트,경상북도,16.0,0.0,2.0,0,0,92,0,263,0,0,0,0,291.0,321.0
C1022,389,아파트,경기도,4.0,0.0,4.0,0,0,0,389,0,0,0,0,0,352.0,450.0
C1896,712,아파트,경기도,3.0,0.0,2.0,0,0,252,318,142,0,0,0,0,658.0,845.0
C1269,561,아파트,경기도,1.0,0.0,3.0,0,0,153,156,252,0,0,0,0,572.0,643.0
C1916,816,아파트,경기도,2.0,1.0,4.0,0,0,279,274,263,0,0,0,0,822.0,752.0
C2070,898,아파트,경기도,6.0,0.0,3.0,0,0,242,234,422,0,0,0,0,909.0,735.0
C1967,581,아파트,경기도,6.0,0.0,3.0,0,0,238,343,0,0,0,0,0,530.0,639.0
C2021,851,아파트,경기도,7.0,0.0,3.0,0,0,225,347,279,0,0,0,0,771.0,902.0
C1143,693,아파트,경기도,3.0,1.0,11.0,0,0,455,238,0,0,0,0,0,717.0,632.0
C2188,136,아파트,경기도,3.0,0.0,2.0,0,0,136,0,0,0,0,0,0,136.0,125.0
C2651,225,아파트,경기도,5.0,0.0,2.0,0,0,113,112,0,0,0,0,0,277.0,282.0
C2657,866,아파트,경기도,7.0,0.0,4.0,0,0,238,464,164,0,0,0,0,692.0,782.0
C2527,383,아파트,경기도,8.0,0.0,3.0,0,0,133,130,120,0,0,0,0,317.0,375.0
C2262,720,아파트,울산광역시,30.0,0.0,4.0,0,0,248,187,285,0,0,0,0,581.0,540.0
C1084,280,아파트,경상북도,2.0,0.0,2.0,0,0,96,136,48,0,0,0,0,280.0,226.0
C2530,307,아파트,강원도,19.0,0.0,5.0,0,0,53,45,209,0,0,0,0,296.0,302.0
C1046,232,아파트,강원도,9.0,0.0,4.0,0,0,174,0,58,0,0,0,0,195.0,156.0
C1761,602,아파트,강원도,18.0,0.0,2.0,0,0,150,236,216,0,0,0,0,715.0,730.0
C1102,522,아파트,강원도,21.0,0.0,7.0,0,0,180,252,90,0,0,0,0,525.0,417.0
C2420,457,아파트,대구광역시,3.0,1.0,8.0,0,0,119,78,260,0,0,0,0,537.0,505.0
C1122,808,아파트,대구광역시,7.0,2.0,2.0,0,0,219,589,0,0,0,0,0,728.0,1077.0
C2042,712,아파트,대구광역시,13.0,2.0,7.0,0,0,129,583,0,0,0,0,0,641.0,757.0
C1375,757,아파트,경상남도,21.0,0.0,12.0,0,0,0,330,427,0,0,0,0,761.0,754.0
C1410,356,아파트,충청북도,10.0,0.0,3.0,0,0,208,0,148,0,0,0,0,550.0,815.0
C1641,283,아파트,경상남도,8.0,0.0,1.0,0,0,90,86,107,0,0,0,0,227.0,268.0
C1706,467,아파트,경기도,7.0,1.0,5.0,0,0,160,0,307,0,0,0,0,403.0,362.0
C1307,506,아파트,경기도,9.0,0.0,3.0,0,0,155,164,187,0,0,0,0,436.0,504.0
C2601,243,아파트,경기도,7.0,0.0,3.0,0,0,0,0,243,0,0,0,0,214.0,281.0
C1085,525,아파트,경기도,4.0,0.0,2.0,0,0,270,255,0,0,0,0,0,422.0,521.0
C2385,445,아파트,경기도,4.0,0.0,4.0,0,0,0,240,205,0,0,0,0,404.0,552.0
C1059,514,아파트,전라북도,7.0,0.0,8.0,0,0,256,258,0,0,0,0,0,362.0,246.0
C2162,374,아파트,전라북도,7.0,0.0,1.0,0,0,0,0,374,0,0,0,0,281.0,347.0
C1819,330,아파트,전라남도,15.0,0.0,1.0,0,0,0,0,330,0,0,0,0,253.0,272.0
C2325,378,아파트,전라북도,3.0,0.0,1.0,0,0,118,176,84,0,0,0,0,265.0,293.0
C2394,277,아파트,충청남도,20.0,0.0,2.0,0,0,86,102,89,0,0,0,0,222.0,254.0
C1133,856,아파트,전라북도,10.0,0.0,3.0,0,0,356,390,110,0,0,0,0,777.0,842.0
C1281,646,아파트,전라북도,4.0,0.0,3.0,0,0,433,213,0,0,0,0,0,583.0,484.0
C1194,511,아파트,제주특별자치도,3.0,0.0,4.0,0,0,0,0,511,0,0,0,0,413.0,585.0
C2308,285,아파트,강원도,3.0,0.0,1.0,0,0,0,0,285,0,0,0,0,200.0,244.0
C2036,256,아파트,강원도,2.0,0.0,1.0,0,0,0,174,82,0,0,0,0,199.0,258.0
C1394,466,아파트,전라북도,0.0,0.0,1.0,0,0,245,221,0,0,0,0,0,329.0,271.0
C1180,314,아파트,전라북도,15.0,0.0,1.0,0,0,0,0,314,0,0,0,0,241.0,311.0
C2503,382,아파트,제주특별자치도,7.0,0.0,2.0,0,0,228,154,0,0,0,0,0,306.0,327.0
C1907,212,아파트,제주특별자치도,7.0,0.0,3.0,0,0,109,103,0,0,0,0,0,163.0,207.0
C2181,872,아파트,충청북도,15.0,0.0,6.0,0,0,542,135,195,0,0,0,0,733.0,683.0
C1768,508,아파트,충청북도,4.0,0.0,1.0,0,0,0,0,508,0,0,0,0,370.0,670.0
C1783,594,아파트,대구광역시,16.0,1.0,6.0,0,0,180,210,204,0,0,0,0,596.0,570.0
C2192,514,아파트,충청북도,16.0,0.0,2.0,0,0,352,162,0,0,0,0,0,442.0,324.0
C2346,558,아파트,충청북도,12.0,0.0,3.0,0,0,0,194,364,0,0,0,0,449.0,553.0
C2680,758,아파트,경상남도,19.0,0.0,7.0,0,0,486,272,0,0,0,0,0,564.0,590.0
C2631,812,아파트,경상남도,2.0,0.0,3.0,0,0,322,204,286,0,0,0,0,612.0,638.0
C2141,504,아파트,경상남도,2.0,0.0,6.0,0,0,120,384,0,0,0,0,0,445.0,495.0
C1569,631,아파트,경상남도,8.0,0.0,3.0,0,0,392,239,0,0,0,0,0,442.0,528.0
C2099,332,아파트,강원도,3.0,0.0,2.0,0,0,80,196,56,0,0,0,0,258.0,383.0
C2287,409,아파트,충청북도,18.0,0.0,3.0,0,0,63,281,65,0,0,0,0,330.0,284.0
C2055,773,아파트,충청북도,22.0,0.0,4.0,0,0,257,336,180,0,0,0,0,817.0,723.0
C1428,375,아파트,강원도,6.0,0.0,2.0,0,0,109,182,84,0,0,0,0,360.0,333.0
C2522,747,아파트,강원도,13.0,0.0,2.0,0,0,381,186,180,0,0,0,0,698.0,610.0
C2560,372,아파트,강원도,3.0,0.0,1.0,0,0,0,0,372,0,0,0,0,374.0,481.0
C2068,434,아파트,강원도,3.0,0.0,1.0,0,0,0,0,434,0,0,0,0,384.0,594.0
C2603,538,아파트,충청북도,9.0,0.0,2.0,0,0,0,419,119,0,0,0,0,393.0,509.0
C1965,498,아파트,충청북도,13.0,0.0,5.0,0,0,258,180,60,0,0,0,0,480.0,500.0
C1660,718,아파트,경상남도,13.0,0.0,3.0,0,0,180,178,360,0,0,0,0,550.0,512.0
C2378,818,아파트,경기도,25.0,0.0,12.0,0,0,0,0,818,0,0,0,0,640.0,901.0
C1268,1035,아파트,경기도,21.0,0.0,16.0,0,0,384,453,198,0,0,0,0,911.0,934.0
C1994,431,아파트,경상남도,3.0,0.0,1.0,0,0,0,203,228,0,0,0,0,319.0,496.0
C1837,467,아파트,경상남도,21.0,0.0,4.0,0,0,232,117,118,0,0,0,0,366.0,398.0
C1000,566,아파트,충청북도,10.0,0.0,1.0,0,0,419,72,75,0,0,0,0,438.0,481.0
C1465,861,아파트,충청북도,26.0,0.0,4.0,0,0,552,309,0,0,0,0,0,812.0,557.0
C1448,1116,아파트,광주광역시,25.0,0.0,2.0,0,0,0,640,476,0,0,0,0,1050.0,1284.0
C1516,456,아파트,전라남도,8.0,0.0,1.0,0,0,314,142,0,0,0,0,0,367.0,475.0
C2670,648,아파트,전라북도,9.0,0.0,2.0,0,0,504,0,144,0,0,0,0,600.0,435.0
C1365,875,아파트,경기도,5.0,0.0,2.0,0,0,66,89,720,0,0,0,0,903.0,945.0
C1177,1668,아파트,대전광역시,17.0,1.0,10.0,0,0,1179,260,229,0,0,0,0,1756.0,1044.0
C1360,443,아파트,경상북도,22.0,0.0,2.0,0,0,172,199,72,0,0,0,0,362.0,375.0
C2488,1215,아파트,광주광역시,28.0,0.0,4.0,0,0,590,625,0,0,0,0,0,1105.0,1023.0
C1406,1647,아파트,대전광역시,13.0,0.0,2.0,0,0,1173,238,236,0,0,0,0,1741.0,1350.0
C1566,462,아파트,전라남도,13.0,0.0,6.0,0,0,298,80,84,0,0,0,0,387.0,284.0
C1227,806,아파트,경상남도,7.0,0.0,1.0,0,160,335,107,204,0,0,0,0,707.0,823.0
C2460,1017,아파트,경기도,17.0,0.0,3.0,0,192,339,350,136,0,0,0,0,879.0,793.0
C2486,589,아파트,경상남도,2.0,0.0,4.0,0,109,239,84,157,0,0,0,0,515.0,587.0
C2106,504,아파트,충청북도,18.0,0.0,2.0,0,0,352,152,0,0,0,0,0,434.0,353.0
C1572,937,아파트,경상남도,32.0,0.0,3.0,0,0,590,234,113,0,0,0,0,770.0,479.0
C1773,840,아파트,경기도,15.0,0.0,4.0,0,141,315,272,112,0,0,0,0,772.0,614.0
C1677,1144,아파트,경기도,9.0,0.0,4.0,0,240,378,276,250,0,0,0,0,1039.0,1101.0
C1823,553,아파트,충청북도,14.0,0.0,3.0,0,0,332,221,0,0,0,0,0,584.0,652.0
C1344,424,아파트,서울특별시,0.0,0.0,3.0,0,0,0,0,78,0,41,181,0,467.0,509.0
C2692,499,아파트,경상북도,19.0,0.0,2.0,0,0,334,105,60,0,0,0,0,409.0,437.0
C2505,200,아파트,경상북도,2.0,0.0,2.0,0,0,150,50,0,0,0,0,0,153.0,163.0
C2587,603,아파트,경상북도,23.0,0.0,3.0,0,0,334,72,197,0,0,0,0,506.0,589.0
C2127,700,아파트,경상남도,21.0,0.0,2.0,0,0,352,228,120,0,0,0,0,592.0,403.0
C1316,107,아파트,충청남도,7.0,0.0,2.0,0,0,96,0,11,0,0,0,0,27.0,22.0
C1674,318,아파트,전라남도,4.0,0.0,1.0,0,0,190,128,0,0,0,0,0,262.0,322.0
C1713,656,아파트,경상남도,2.0,0.0,1.0,0,0,454,90,112,0,0,0,0,527.0,566.0
C1845,306,아파트,강원도,0.0,0.0,3.0,0,0,156,120,30,0,0,0,0,248.0,277.0
C2082,970,아파트,경기도,19.0,0.0,2.0,0,176,332,326,136,0,0,0,0,845.0,822.0
C1328,992,아파트,경기도,36.0,0.0,15.0,0,160,410,262,160,0,0,0,0,871.0,770.0
C2357,533,아파트,부산광역시,25.0,1.0,2.0,0,0,264,104,165,0,0,0,0,484.0,345.0
C2565,1006,아파트,경상북도,33.0,0.0,3.0,0,0,219,397,390,0,0,0,0,915.0,1090.0
C1804,478,아파트,경기도,3.0,0.0,3.0,0,0,0,0,0,0,6,20,0,629.0,951.0
C2255,560,아파트,충청남도,2.0,0.0,2.0,0,238,178,144,0,0,0,0,0,400.0,410.0
C1343,600,아파트,경기도,8.0,1.0,4.0,0,0,215,281,104,0,0,0,0,528.0,549.0
C1987,291,아파트,부산광역시,26.0,3.0,4.0,0,0,0,200,91,0,0,0,0,257.0,166.0
C2479,679,아파트,경기도,13.0,0.0,2.0,0,0,280,274,125,0,0,0,0,615.0,647.0
C2352,1065,아파트,서울특별시,7.0,0.0,4.0,0,192,557,316,0,0,0,0,0,879.0,793.0
C1310,1037,아파트,강원도,17.0,0.0,6.0,0,150,630,105,152,0,0,0,0,936.0,1084.0
C1738,715,아파트,경상남도,13.0,0.0,3.0,0,0,480,156,79,0,0,0,0,582.0,682.0
C1039,790,아파트,서울특별시,13.0,0.0,3.0,0,96,227,217,250,0,0,0,0,673.0,645.0
C1863,1099,아파트,충청북도,24.0,0.0,4.0,0,154,505,440,0,0,0,0,0,1154.0,733.0
C1426,374,아파트,경상북도,2.0,0.0,2.0,0,96,118,0,160,0,0,0,0,321.0,262.0
C2659,504,아파트,경기도,3.0,1.0,3.0,0,116,278,110,0,0,0,0,0,438.0,365.0
C2489,1128,아파트,부산광역시,36.0,0.0,4.0,0,0,0,410,718,0,0,0,0,951.0,950.0
C2211,304,아파트,전라남도,4.0,0.0,1.0,0,0,268,36,0,0,0,0,0,230.0,244.0
C2314,600,아파트,대전광역시,13.0,0.0,2.0,0,260,268,72,0,0,0,0,0,360.0,343.0
C1861,690,아파트,전라북도,16.0,0.0,3.0,0,404,0,224,62,0,0,0,0,652.0,613.0
C2389,690,아파트,충청북도,21.0,0.0,3.0,0,0,375,135,180,0,0,0,0,694.0,561.0
C1490,749,아파트,충청북도,24.0,0.0,3.0,0,0,0,0,0,0,161,494,0,759.0,899.0
C1024,680,아파트,서울특별시,2.0,0.0,3.0,0,0,0,0,150,0,216,111,0,877.0,957.0
C1788,376,아파트,경상남도,28.0,0.0,3.0,0,0,0,0,376,0,0,0,0,380.0,412.0
C1740,783,아파트,경상북도,29.0,0.0,6.0,0,0,0,0,282,0,107,78,0,978.0,979.0
C2620,1029,아파트,전라남도,28.0,0.0,6.0,0,0,0,0,250,0,271,385,0,1061.0,1709.0
C1286,919,아파트,전라남도,27.0,0.0,2.0,0,0,0,0,0,0,192,727,0,988.0,881.0
C1089,368,아파트,전라남도,14.0,0.0,2.0,0,0,230,87,51,0,0,0,0,285.0,309.0
C2237,70,아파트,충청남도,7.0,0.0,2.0,0,0,62,8,0,0,0,0,0,50.0,55.0
C1341,922,아파트,광주광역시,7.0,0.0,1.0,0,250,516,156,0,0,0,0,0,731.0,442.0
C1338,622,아파트,부산광역시,13.0,1.0,3.0,0,0,0,504,118,0,0,0,0,551.0,551.0
C2405,600,아파트,경상남도,22.0,0.0,8.0,0,0,0,0,0,0,102,182,0,728.0,1240.0
C1969,1366,아파트,대구광역시,29.0,0.0,2.0,0,304,794,268,0,0,0,0,0,1192.0,886.0
C2274,1122,아파트,충청북도,34.0,0.0,3.0,0,296,446,380,0,0,0,0,0,1182.0,713.0
C1699,752,아파트,경기도,7.0,0.0,7.0,0,0,438,138,176,0,0,0,0,680.0,606.0
C2251,886,아파트,경기도,16.0,0.0,3.0,0,34,282,450,120,0,0,0,0,809.0,870.0
C1340,552,아파트,전라북도,21.0,0.0,3.0,0,200,192,160,0,0,0,0,0,523.0,410.0
C2373,850,아파트,제주특별자치도,9.0,0.0,5.0,0,0,492,286,72,0,0,0,0,948.0,800.0
C1455,432,아파트,강원도,2.0,0.0,5.0,0,164,104,164,0,0,0,0,0,349.0,420.0
C2137,960,아파트,경상북도,30.0,0.0,8.0,0,180,360,420,0,0,0,0,0,876.0,752.0
C1985,874,아파트,전라남도,28.0,0.0,4.0,0,0,376,322,176,0,0,0,0,722.0,630.0
C2583,1106,아파트,대전광역시,21.0,0.0,2.0,0,240,722,144,0,0,0,0,0,752.0,982.0
C2663,772,아파트,경기도,14.0,0.0,3.0,0,112,220,320,120,0,0,0,0,700.0,652.0
C2450,483,아파트,경기도,8.0,0.0,5.0,0,0,262,173,48,0,0,0,0,437.0,451.0
C2329,1028,아파트,대구광역시,24.0,0.0,5.0,0,216,540,168,104,0,0,0,0,973.0,821.0
C1834,326,아파트,강원도,4.0,0.0,1.0,0,0,212,78,36,0,0,0,0,268.0,255.0
C1848,532,아파트,광주광역시,9.0,0.0,3.0,0,0,0,0,532,0,0,0,0,660.0,625.0
C1743,791,아파트,대구광역시,16.0,1.0,1.0,0,0,0,0,0,250,373,168,0,944.0,1653.0
C1350,1401,아파트,대전광역시,2.0,0.0,6.0,0,0,0,0,690,0,476,235,0,1636.0,2315.0
C1402,344,아파트,충청북도,16.0,0.0,2.0,0,0,0,0,90,0,116,138,0,344.0,498.0
C1103,935,아파트,강원도,31.0,0.0,2.0,0,269,232,268,166,0,0,0,0,939.0,787.0
C1129,1444,아파트,경기도,2.0,1.0,10.0,0,0,0,0,1444,0,0,0,0,1275.0,1668.0
C1027,452,아파트,경상남도,21.0,0.0,5.0,0,0,262,190,0,0,0,0,0,461.0,207.0
C2377,1105,아파트,경상남도,22.0,0.0,3.0,0,0,774,140,191,0,0,0,0,1110.0,579.0
C2661,354,아파트,제주특별자치도,12.0,0.0,6.0,0,140,110,104,0,0,0,0,0,297.0,330.0
C1263,268,아파트,충청북도,4.0,0.0,5.0,0,60,148,60,0,0,0,0,0,214.0,217.0
C1136,984,아파트,경기도,31.0,0.0,19.0,0,296,296,228,164,0,0,0,0,865.0,763.0
C2605,624,아파트,강원도,6.0,0.0,3.0,0,0,450,174,0,0,0,0,0,535.0,572.0
C2393,1546,아파트,경기도,1.0,1.0,2.0,0,248,1014,284,0,0,0,0,0,1176.0,922.0
C1673,640,아파트,충청북도,22.0,0.0,1.0,0,180,280,180,0,0,0,0,0,549.0,526.0
C1017,1460,아파트,대전광역시,27.0,0.0,2.0,0,324,580,556,0,0,0,0,0,1534.0,1246.0
C2539,396,아파트,충청남도,8.0,0.0,2.0,0,196,140,60,0,0,0,0,0,237.0,228.0
C1933,1022,아파트,광주광역시,8.0,0.0,3.0,0,0,0,0,0,628,394,0,0,1202.0,1730.0
C2316,1126,아파트,대구광역시,36.0,0.0,4.0,0,308,574,244,0,0,0,0,0,983.0,712.0
C2414,924,아파트,충청북도,13.0,0.0,4.0,0,0,0,0,924,0,0,0,0,986.0,1200.0
C1301,340,아파트,대구광역시,19.0,0.0,4.0,0,120,220,0,0,0,0,0,0,320.0,202.0
C1700,922,아파트,대구광역시,39.0,0.0,2.0,0,0,0,0,922,0,0,0,0,804.0,979.0
C1636,632,아파트,경기도,7.0,0.0,20.0,0,0,0,0,0,0,128,504,0,750.0,946.0
C2612,1684,아파트,세종특별자치시,27.0,0.0,2.0,0,682,620,382,0,0,0,0,0,1689.0,1832.0
C1757,794,아파트,부산광역시,13.0,2.0,4.0,0,0,592,202,0,0,0,0,0,676.0,508.0
C2507,1454,아파트,경기도,4.0,0.0,4.0,0,939,353,118,44,0,0,0,0,880.0,763.0
C1163,316,아파트,경상북도,20.0,0.0,2.0,0,88,176,52,0,0,0,0,0,239.0,326.0
C2627,580,아파트,전라남도,18.0,0.0,2.0,0,270,138,172,0,0,0,0,0,378.0,404.0
C2040,198,아파트,충청북도,11.0,0.0,2.0,0,0,0,0,0,0,48,150,0,200.0,336.0
C2609,556,아파트,제주특별자치도,17.0,0.0,2.0,0,196,160,200,0,0,0,0,0,490.0,555.0
C2001,540,아파트,경기도,10.0,0.0,8.0,0,210,182,148,0,0,0,0,0,500.0,417.0
C1065,938,아파트,경상북도,37.0,0.0,3.0,0,298,252,388,0,0,0,0,0,1117.0,1255.0
C1363,2568,아파트,경기도,11.0,0.0,6.0,0,1290,564,714,0,0,0,0,0,1798.0,2550.0
C2579,1058,아파트,경기도,16.0,0.0,4.0,0,474,368,133,83,0,0,0,0,956.0,751.0
C1048,368,아파트,경기도,15.0,0.0,3.0,0,176,128,64,0,0,0,0,0,333.0,243.0
C1210,1088,아파트,대구광역시,39.0,0.0,4.0,0,716,372,0,0,0,0,0,0,773.0,586.0
C1320,1696,아파트,경상남도,35.0,0.0,4.0,0,616,728,352,0,0,0,0,0,1648.0,924.0
C1941,404,아파트,경상남도,19.0,0.0,3.0,0,0,0,0,0,0,0,404,0,490.0,600.0
C1326,1934,아파트,부산광역시,43.0,0.0,4.0,0,1166,464,304,0,0,0,0,0,1670.0,1153.0
C1685,295,아파트,충청북도,28.0,0.0,1.0,0,215,72,8,0,0,0,0,0,167.0,164.0
C2618,1550,아파트,경기도,40.0,0.0,7.0,0,774,408,368,0,0,0,0,0,1319.0,783.0
C1451,1618,아파트,경기도,38.0,0.0,3.0,0,714,600,304,0,0,0,0,0,1382.0,1044.0
C2143,363,아파트,강원도,2.0,0.0,2.0,0,0,0,0,0,0,176,187,0,434.0,719.0
C1968,514,아파트,강원도,0.0,0.0,3.0,0,410,52,52,0,0,0,0,0,309.0,220.0
C2470,636,아파트,대전광역시,1.0,1.0,2.0,0,0,96,264,46,0,0,0,0,772.0,887.0
C1258,840,아파트,경상남도,0.0,0.0,3.0,0,400,330,110,0,0,0,0,0,658.0,616.0
C2453,659,아파트,경기도,7.0,2.0,3.0,0,372,156,130,0,0,0,0,0,573.0,559.0
C1659,902,아파트,광주광역시,32.0,0.0,2.0,236,396,210,60,0,0,0,0,0,635.0,416.0
C1724,1256,아파트,경상남도,1.0,0.0,6.0,0,850,406,0,0,0,0,0,0,878.0,701.0
C1802,1438,아파트,세종특별자치시,3.0,0.0,2.0,0,0,0,0,1438,0,0,0,0,1500.0,1983.0
C1939,2334,아파트,경기도,13.0,0.0,3.0,0,1014,660,660,0,0,0,0,0,1713.0,1896.0
C1284,528,아파트,경상남도,0.0,0.0,5.0,0,0,0,0,528,0,0,0,0,543.0,780.0
C2595,867,아파트,경상남도,2.0,0.0,5.0,0,0,0,0,694,0,105,68,0,897.0,1359.0
C2351,542,아파트,경기도,6.0,0.0,4.0,0,0,0,0,542,0,0,0,0,542.0,646.0
C2506,1124,아파트,대구광역시,14.0,0.0,3.0,0,0,0,230,714,0,100,80,0,1201.0,1433.0
C1697,526,아파트,경기도,4.0,0.0,3.0,0,0,0,0,0,0,228,298,0,727.0,854.0
C2259,947,아파트,경기도,5.0,0.0,2.0,0,0,0,0,0,0,408,539,0,1306.0,1378.0
C1786,480,아파트,강원도,25.0,0.0,3.0,156,232,92,0,0,0,0,0,0,338.0,345.0
C1357,908,아파트,부산광역시,27.0,0.0,1.0,0,0,0,0,0,0,756,152,0,1001.0,995.0
C2570,450,아파트,전라남도,14.0,0.0,2.0,0,360,90,0,0,0,0,0,0,318.0,205.0
C1652,890,아파트,서울특별시,20.0,1.0,8.0,188,336,232,134,0,0,0,0,0,423.0,509.0
C1565,1020,아파트,대구광역시,42.0,0.0,3.0,0,650,370,0,0,0,0,0,0,719.0,588.0
C1910,616,아파트,전라북도,21.0,0.0,2.0,228,184,200,0,0,0,0,0,0,350.0,396.0
C2359,820,아파트,전라남도,9.0,0.0,3.0,0,488,212,120,0,0,0,0,0,629.0,693.0
C2139,311,아파트,경상남도,11.0,0.0,4.0,0,108,138,60,0,0,0,0,0,232.0,155.0
C1979,270,아파트,경기도,17.0,0.0,4.0,96,39,135,0,0,0,0,0,0,183.0,133.0
C1803,100,아파트,울산광역시,13.0,0.0,2.0,32,34,34,0,0,0,0,0,0,57.0,78.0
C2508,847,아파트,전라북도,13.0,0.0,3.0,0,524,226,92,0,0,0,0,0,496.0,568.0
C2531,540,아파트,제주특별자치도,22.0,0.0,6.0,98,220,126,96,0,0,0,0,0,397.0,358.0
C1695,203,아파트,전라남도,12.0,0.0,4.0,89,39,72,0,0,0,0,0,0,109.0,123.0
C2556,303,아파트,울산광역시,21.0,0.0,2.0,0,0,232,68,0,0,0,0,0,249.0,148.0
C2086,1080,아파트,세종특별자치시,7.0,0.0,2.0,0,0,0,0,606,0,234,240,0,1142.0,1524.0
C1544,442,아파트,대구광역시,10.0,0.0,2.0,0,0,0,0,0,0,146,296,0,533.0,713.0
C2154,178,아파트,강원도,2.0,0.0,1.0,0,120,20,38,0,0,0,0,0,131.0,124.0
C2496,818,아파트,전라북도,0.0,0.0,3.0,0,0,0,0,0,0,188,630,0,995.0,1400.0
C1756,404,아파트,울산광역시,1.0,0.0,3.0,0,0,0,0,0,0,0,404,0,486.0,609.0
C2362,1509,아파트,경기도,46.0,0.0,2.0,0,1074,426,0,0,0,0,0,0,1055.0,196.0
C2568,412,아파트,경상북도,31.0,0.0,2.0,140,120,150,0,0,0,0,0,0,287.0,189.0
C2245,212,아파트,경상남도,22.0,0.0,1.0,72,74,64,0,0,0,0,0,0,114.0,98.0
C2059,26,아파트,경기도,1.0,1.0,3.0,12,0,14,0,0,0,0,0,0,13.0,13.0
C2549,202,아파트,제주특별자치도,17.0,0.0,2.0,80,40,80,0,0,0,0,0,0,141.0,165.0
C1584,1227,아파트,경기도,40.0,0.0,3.0,424,426,370,0,0,0,0,0,0,857.0,507.0
C2298,581,아파트,대전광역시,21.0,0.0,3.0,96,234,248,0,0,0,0,0,0,408.0,444.0
C2225,1206,아파트,경상남도,49.0,0.0,3.0,504,246,450,0,0,0,0,0,0,842.0,448.0
C2328,1077,아파트,충청북도,4.0,0.0,2.0,0,0,0,0,1077,0,0,0,0,1239.0,1374.0
C1045,464,아파트,강원도,13.0,0.0,2.0,0,176,178,110,0,0,0,0,0,288.0,266.0
C1207,100,아파트,광주광역시,10.0,0.0,6.0,0,76,24,0,0,0,0,0,0,54.0,59.0
C1970,214,아파트,광주광역시,16.0,0.0,6.0,76,64,60,0,0,0,0,0,0,108.0,159.0
C1732,266,아파트,광주광역시,17.0,0.0,3.0,90,68,0,106,0,0,0,0,0,188.0,267.0
C2433,511,아파트,경기도,19.0,0.0,2.0,180,104,224,0,0,0,0,0,0,389.0,130.0
C1156,1004,아파트,충청북도,47.0,0.0,3.0,406,208,384,0,0,0,0,0,0,700.0,505.0
C2142,954,아파트,울산광역시,41.0,0.0,5.0,0,340,390,216,0,0,0,0,0,772.0,396.0
C2153,362,아파트,전라남도,20.0,0.0,3.0,0,112,130,120,0,0,0,0,0,345.0,280.0
C2186,924,아파트,대구광역시,0.0,0.0,8.0,0,508,220,188,0,0,0,0,0,664.0,744.0
C1176,1486,아파트,충청북도,55.0,0.0,3.0,0,348,538,600,0,0,0,0,0,1493.0,619.0
C2446,2200,아파트,경기도,32.0,0.0,5.0,100,884,560,656,0,0,0,0,0,1570.0,1204.0
C2586,90,아파트,제주특별자치도,7.0,0.0,3.0,12,42,36,0,0,0,0,0,0,66.0,57.0
C2035,492,아파트,강원도,24.0,0.0,1.0,0,156,156,180,0,0,0,0,0,521.0,246.0
C2020,40,아파트,부산광역시,7.0,1.0,2.0,20,5,15,0,0,0,0,0,0,25.0,19.0
C2437,90,아파트,충청북도,12.0,0.0,1.0,0,90,0,0,0,0,0,0,0,30.0,16.0
C2532,239,아파트,강원도,7.0,0.0,1.0,0,0,0,38,201,0,0,0,0,166.0,146.0
